월,일,시간(1h),시간(2h),시간(3h),시간(4h),시간(5h),시간(6h),시간(7h),시간(8h),시간(9h),시간(10h),시간(11h),시간(12h),시간(13h),시간(14h),시간(15h),시간(16h),시간(17h),시간(18h),시간(19h),시간(20h),시간(21h),시간(22h),시간(23h),시간(24h)
1,1,0,0,0,0,0,0,0,0.48,70.2,318.72,647.4,966.36,1138.56,1070.76,635.4,399.36,90.24,8.28,0,0,0,0,0,0
1,2,0,0,0,0,0,0,0,0.12,36.48,212.88,402,424.92,856.2,1050.96,569.88,515.16,66.48,8.64,0,0,0,0,0,0
1,3,0,0,0,0,0,0,0,0.96,71.88,131.76,448.8,592.44,795.6,647.64,462,191.28,94.32,5.76,0,0,0,0,0,0
1,4,0,0,0,0,0,0,0,0.24,48.48,328.32,747.6,1163.76,1333.68,1321.2,829.08,523.8,55.32,8.88,0,0,0,0,0,0
1,5,0,0,0,0,0,0,0,0.48,35.52,333,704.04,1097.28,1228.44,1220.04,779.04,502.08,82.32,10.44,0,0,0,0,0,0
1,6,0,0,0,0,0,0,0,0.48,58.56,316.68,673.8,1060.8,1210.44,1164.84,737.88,421.56,101.64,14.04,0,0,0,0,0,0
1,7,0,0,0,0,0,0,0,0.84,67.68,254.28,546.72,746.28,858,614.64,427.08,217.56,62.52,6.12,0,0,0,0,0,0
1,8,0,0,0,0,0,0,0,0,3.84,28.32,85.08,99,132.48,148.68,55.2,219.72,109.92,12.6,0,0,0,0,0,0
1,9,0,0,0,0,0,0,0,0.24,61.8,324.12,665.88,904.92,893.88,1128.48,668.16,608.04,77.52,6.36,0,0,0,0,0,0
1,10,0,0,0,0,0,0,0,0,50.52,341.76,671.28,994.44,870.24,644.28,454.8,208.08,81.48,2.16,0,0,0,0,0,0
1,11,0,0,0,0,0,0,0,0.84,73.44,252,286.56,771.72,891.12,891,265.32,302.28,89.4,12.84,0,0,0,0,0,0
1,12,0,0,0,0,0,0,0,0,26.88,183.24,195.12,483.48,677.64,621.36,229.92,175.2,75.84,10.44,0,0,0,0,0,0
1,13,0,0,0,0,0,0,0,0.48,58.92,385.44,874.2,1321.56,1367.04,1356.48,1113.12,496.2,136.08,16.8,0,0,0,0,0,0
1,14,0,0,0,0,0,0,0,0.48,56.52,439.8,857.16,1239.24,1311.72,1243.56,1064.64,494.4,146.4,15.24,0,0,0,0,0,0
1,15,0,0,0,0,0,0,0,0.96,69.36,391.08,774.96,1123.92,1128.6,995.88,1058.28,510.84,164.76,16.32,0,0,0,0,0,0
1,16,0,0,0,0,0,0,0,1.44,72.48,255,579.12,780.24,1019.16,1045.92,952.2,469.92,168.24,26.16,0,0,0,0,0,0
1,17,0,0,0,0,0,0,0,0.36,69.24,293.64,562.68,837.6,946.32,871.68,679.32,345.96,65.88,3.48,0,0,0,0,0,0
1,18,0,0,0,0,0,0,0,0,15.84,140.52,570.24,528,199.68,219.84,256.56,355.08,82.44,9.84,0,0,0,0,0,0
1,19,0,0,0,0,0,0,0,1.2,66.96,485.16,939.6,1260.72,1334.52,1283.04,930,598.56,236.28,16.56,0,0,0,0,0,0
1,20,0,0,0,0,0,0,0,0,3.12,48.36,276.6,586.44,727.56,866.76,491.64,125.52,106.92,21.12,0,0,0,0,0,0
1,21,0,0,0,0,0,0,0,0,21.36,170.04,412.2,439.56,466.56,535.56,295.68,174.96,131.64,4.56,0,0,0,0,0,0
1,22,0,0,0,0,0,0,0,0.12,58.56,451.56,975.24,1238.88,1193.28,1285.44,996.72,573.84,253.08,15.48,0,0,0,0,0,0
1,23,0,0,0,0,0,0,0,1.08,54.12,480.6,989.64,1213.92,1291.08,1269,1182.36,745.92,327.72,23.16,0,0,0,0,0,0
1,24,0,0,0,0,0,0,0,0,22.44,106.32,203.88,376.8,410.76,801.96,880.68,350.16,105.96,33.84,0,0,0,0,0,0
1,25,0,0,0,0,0,0,0,0,0,18.96,66.36,97.68,236.4,372.84,232.44,169.92,110.4,0.84,0,0,0,0,0,0
1,26,0,0,0,0,0,0,0,0,57,575.52,1135.44,1334.88,1415.16,1383.48,1266.12,891.48,334.08,21.36,0,0,0,0,0,0
1,27,0,0,0,0,0,0,0,1.92,61.92,546.24,1083.48,1255.8,1292.28,1264.68,1170.48,840.24,290.76,24.84,0,0,0,0,0,0
1,28,0,0,0,0,0,0,0,0,9.96,58.8,311.64,657.48,749.16,539.4,371.88,268.68,104.16,13.44,0,0,0,0,0,0
1,29,0,0,0,0,0,0,0,2.76,114.96,630.36,1095.6,982.56,1070.88,906.84,862.44,724.44,201,25.56,0,0,0,0,0,0
1,30,0,0,0,0,0,0,0,0,4.56,21.6,26.16,63,69.96,294.72,142.08,14.88,9.36,0.12,0,0,0,0,0,0
1,31,0,0,0,0,0,0,0,0.96,43.2,185.88,549.36,861.84,1157.76,1127.52,1005.12,781.44,280.2,35.76,0,0,0,0,0,0
2,1,0,0,0,0,0,0,0,1.44,63.12,221.28,134.4,527.88,515.52,863.64,975.24,330.6,110.4,14.76,0,0,0,0,0,0
2,2,0,0,0,0,0,0,0,0,6.6,39.72,120.36,206.04,219.36,148.68,114.6,91.44,96.24,16.56,0,0,0,0,0,0
2,3,0,0,0,0,0,0,0,2.4,105,438.24,853.56,892.2,423.36,791.52,893.64,720.6,293.4,54.48,0,0,0,0,0,0
2,4,0,0,0,0,0,0,0,6.12,177.24,535.8,1182.96,1384.92,1474.92,1448.88,1327.2,1103.4,535.68,44.4,0,0,0,0,0,0
2,5,0,0,0,0,0,0,0,2.16,48.84,167.04,270.96,251.64,348.12,642.12,490.68,378.96,144.96,81.12,0,0,0,0,0,0
2,6,0,0,0,0,0,0,0,0,3.36,23.88,117.48,525.6,918.84,682.92,417.24,184.8,124.2,38.28,0,0,0,0,0,0
2,7,0,0,0,0,0,0,0,0,24.6,86.88,129.96,202.44,150.6,199.92,236.88,120.96,104.76,8.04,0,0,0,0,0,0
2,8,0,0,0,0,0,0,0,0,4.32,17.52,47.64,55.44,89.88,82.68,87.96,66,59.28,20.52,0,0,0,0,0,0
2,9,0,0,0,0,0,0,0,0,19.2,141.72,254.16,409.92,383.76,328.68,191.64,118.44,54,9.84,0,0,0,0,0,0
2,10,0,0,0,0,0,0,0,3,105.24,164.52,249.72,450.24,258.12,257.76,239.04,381,248.4,42.36,0,0,0,0,0,0
2,11,0,0,0,0,0,0,0,3.36,71.16,522,943.8,1092.96,1277.4,1282.44,1121.04,764.52,491.04,103.56,0.24,0,0,0,0,0
2,12,0,0,0,0,0,0,0,0.6,69.36,273.12,438.24,1169.76,1241.4,686.4,1132.92,870.72,476.28,66,0.72,0,0,0,0,0
2,13,0,0,0,0,0,0,0,8.52,153.96,460.44,523.68,646.44,700.44,591.72,460.44,332.52,354.12,58.92,0,0,0,0,0,0
2,14,0,0,0,0,0,0,0,12.36,247.8,763.68,997.92,1117.2,1179.72,973.08,605.04,591.12,542.04,112.08,1.56,0,0,0,0,0
2,15,0,0,0,0,0,0,0,12.72,305.76,827.88,1129.68,1284.84,1310.16,1284.72,1161.84,933.36,571.44,120,1.44,0,0,0,0,0
2,16,0,0,0,0,0,0,0,8.76,98.28,271.44,473.16,702.36,898.92,1128.24,684.84,491.04,393.36,69.6,0.84,0,0,0,0,0
2,17,0,0,0,0,0,0,0,0,20.64,72.24,103.44,98.76,120.96,93.48,78.72,41.88,36.6,2.76,0,0,0,0,0,0
2,18,0,0,0,0,0,0,0,12.84,186.6,287.4,648.6,802.56,314.76,361.8,180.96,201,99.84,44.4,0.72,0,0,0,0,0
2,19,0,0,0,0,0,0,0,18.6,190.56,660.84,961.92,912.6,1081.2,1155.12,1109.64,929.64,467.4,124.08,1.68,0,0,0,0,0
2,20,0,0,0,0,0,0,0,21,289.2,686.88,984.12,977.52,1311.72,1217.88,817.32,466.92,151.68,39.6,0.12,0,0,0,0,0
2,21,0,0,0,0,0,0,0,33,422.16,867.84,1151.04,1317.48,1384.68,1349.52,1253.52,1020,644.52,190.8,3.84,0,0,0,0,0
2,22,0,0,0,0,0,0,0,22.8,296.64,697.92,1010.28,1206.36,1267.92,1254.72,1024.32,757.32,439.2,123.48,3.48,0,0,0,0,0
2,23,0,0,0,0,0,0,0,25.92,255.48,614.4,896.88,1041.24,1140.6,1171.92,1000.08,705.6,446.04,126.6,3.36,0,0,0,0,0
2,24,0,0,0,0,0,0,0,22.32,199.2,519.6,825.24,1029.12,1125.36,1090.08,969.6,764.64,447,135.48,4.8,0,0,0,0,0
2,25,0,0,0,0,0,0,0,22.56,135.24,350.28,684.24,832.8,972.36,618.72,598.08,349.44,146.88,36.12,0.36,0,0,0,0,0
2,26,0,0,0,0,0,0,0,0,14.28,47.64,124.44,178.2,195.96,254.76,230.4,171.24,187.56,59.28,0.12,0,0,0,0,0
2,27,0,0,0,0,0,0,0,23.4,195.36,463.92,775.2,996.72,1112.28,1063.32,923.52,542.04,400.92,99.24,3.6,0,0,0,0,0
2,28,0,0,0,0,0,0,0,5.64,73.8,182.4,289.44,606.84,593.88,428.76,253.56,118.56,52.56,13.32,0,0,0,0,0,0
3,1,0,0,0,0,0,0,0,0,7.56,42.72,57.24,53.52,108.12,171.72,60.36,46.08,44.28,17.64,0,0,0,0,0,0
3,2,0,0,0,0,0,0,0,38.04,327.96,723.24,1043.28,1213.68,1322.76,1356.96,1150.68,965.52,684.48,213.36,5.64,0,0,0,0,0
3,3,0,0,0,0,0,0,0,48.48,346.92,770.64,1040.16,1191.48,1283.76,1288.8,1195.92,934.2,551.76,194.88,9,0,0,0,0,0
3,4,0,0,0,0,0,0,0,19.32,147.24,266.76,645.12,407.04,435.48,315.96,131.4,188.4,124.56,52.08,8.76,0,0,0,0,0
3,5,0,0,0,0,0,0,0,69.84,462.48,895.44,1185.48,1365.24,1433.16,1413.48,1284.12,1038.72,697.08,257.04,11.64,0,0,0,0,0
3,6,0,0,0,0,0,0,0,71.64,435,698.28,839.64,1089.6,1112.76,832.44,824.64,596.04,380.52,137.16,9.48,0,0,0,0,0
3,7,0,0,0,0,0,0,0,67.32,418.32,875.28,1176.84,1360.56,1446,1416.6,1284.84,1055.52,608.28,127.8,8.16,0,0,0,0,0
3,8,0,0,0,0,0,0,0,89.88,423.72,783.96,788.4,913.68,957.6,680.76,587.4,344.76,221.16,129.12,14.64,0,0,0,0,0
3,9,0,0,0,0,0,0,0,45.96,232.08,193.92,556.2,653.52,460.32,673.8,431.64,451.56,612.6,294.6,21.84,0,0,0,0,0
3,10,0,0,0,0,0,0,0,109.8,492.36,883.92,1172.4,1336.2,1402.56,1280.4,1259.76,1044.6,715.08,301.68,22.56,0,0,0,0,0
3,11,0,0,0,0,0,0,0,65.4,340.08,691.44,1002.72,1168.44,1251.6,1197,1094.28,881.88,550.92,236.64,23.28,0,0,0,0,0
3,12,0,0,0,0,0,0,0,11.4,54.6,35.4,63.84,47.28,126.36,89.76,109.68,55.92,7.92,0,0,0,0,0,0,0
3,13,0,0,0,0,0,0,0,8.64,28.56,45.96,48.48,67.2,72.84,60.96,279.84,132.36,80.4,5.16,0,0,0,0,0,0
3,14,0,0,0,0,0,0,0,0,0,40.56,471.96,297.84,725.52,1338.36,921.84,926.76,553.68,258.12,18.84,0,0,0,0,0
3,15,0,0,0,0,0,0,0.12,95.04,423.12,758.4,1010.4,1163.28,1240.44,1246.92,1131.96,924.84,597.72,227.52,18.84,0,0,0,0,0
3,16,0,0,0,0,0,0,0.12,79.44,360.48,697.08,973.32,1140.24,1209.24,1188.72,1074.84,874.56,563.4,224.64,19.68,0,0,0,0,0
3,17,0,0,0,0,0,0,0,67.56,240.12,516.48,1032.12,1070.16,411.36,66.48,97.2,53.88,25.56,10.68,0,0,0,0,0,0
3,18,0,0,0,0,0,0,0,6,33,65.16,98.76,236.76,339.72,350.16,891.96,847.08,514.44,223.32,20.16,0,0,0,0,0
3,19,0,0,0,0,0,0,0,69.36,155.88,139.68,84.6,109.68,366.96,620.04,602.28,487.44,276.12,129.96,15.72,0,0,0,0,0
3,20,0,0,0,0,0,0,0,36.12,226.08,433.32,740.4,900.12,1288.8,1313.16,1005.48,802.56,622.44,195.72,2.52,0,0,0,0,0
3,21,0,0,0,0,0,0,0.84,116.04,472.68,727.68,915.6,1355.04,1430.88,1411.68,1282.32,1044.96,719.76,311.28,30.96,0,0,0,0,0
3,22,0,0,0,0,0,0,2.4,129.96,442.56,783.6,1020.12,1183.2,1225.44,1168.56,1039.44,820.32,507,192,20.64,0,0,0,0,0
3,23,0,0,0,0,0,0,0.36,53.64,194.76,653.16,1013.04,1140.36,1187.76,1202.04,1103.16,885,585.12,244.44,25.92,0,0,0,0,0
3,24,0,0,0,0,0,0,2.52,121.68,455.88,795.48,999.48,1147.44,1222.44,1171.08,829.56,730.32,329.16,200.04,8.64,0,0,0,0,0
3,25,0,0,0,0,0,0,0,4.68,26.76,48.6,83.76,90.72,46.8,89.52,101.52,47.64,42.12,17.64,0,0,0,0,0,0
3,26,0,0,0,0,0,0,0,21.36,70.8,56.4,59.28,75.6,112.92,233.28,286.2,171.36,553.56,242.76,25.92,0,0,0,0,0
3,27,0,0,0,0,0,0,0,30.6,117.84,352.92,922.08,1102.08,1124.76,1090.68,1020.24,834.36,532.8,206.64,26.52,0,0,0,0,0
3,28,0,0,0,0,0,0,4.2,139.92,486.48,818.76,1043.16,1174.32,1152.84,1041,578.52,299.64,138.72,110.76,16.8,0,0,0,0,0
3,29,0,0,0,0,0,0,0,4.2,28.56,46.32,102.48,96.96,154.32,115.08,90.96,44.88,58.92,39,0,0,0,0,0,0
3,30,0,0,0,0,0,0,0,10.92,71.4,217.8,555.12,1207.2,1095.84,1260.48,1195.08,963.84,587.04,205.68,39.24,0,0,0,0,0
3,31,0,0,0,0,0,0,2.76,38.64,114.84,244.92,614.04,991.2,1188.6,1063.8,997.56,891.84,483,252,30.6,0,0,0,0,0
4,1,0,0,0,0,0,0,10.2,139.8,484.92,858.84,1059.72,1173.96,1222.92,1167,813.36,792.36,555.96,232.08,38.4,0,0,0,0,0
4,2,0,0,0,0,0,0,8.88,155.16,469.08,775.8,999,1121.28,1082.76,1135.08,1067.16,847.08,558.84,235.2,30.96,0,0,0,0,0
4,3,0,0,0,0,0,0,14.64,146.28,374.88,528.96,847.2,1065.24,903,857.4,512.64,501.24,259.44,183.72,25.92,0,0,0,0,0
4,4,0,0,0,0,0,0,9.96,194.28,573.36,788.16,1047.12,1329.96,1398.24,1292.64,1206.12,988.32,671.64,282.96,39,0,0,0,0,0
4,5,0,0,0,0,0,0,1.8,46.08,172.68,566.52,1013.28,1119.72,1377.12,1271.88,808.56,424.2,233.28,113.16,20.52,0,0,0,0,0
4,6,0,0,0,0,0,0,11.76,183,582.6,942.84,1198.68,1345.08,1396.32,1338,1206.48,948.36,599.16,249.48,34.2,0,0,0,0,0
4,7,0,0,0,0,0,0,15.12,123,336.96,581.16,922.8,1174.68,1263.36,1242.12,1113.84,862.92,531.24,182.52,39.12,0,0,0,0,0
4,8,0,0,0,0,0,0,16.32,176.64,496.2,737.04,1026.12,1155.72,1174.56,981.24,1036.8,850.56,552.96,234.12,39.96,0,0,0,0,0
4,9,0,0,0,0,0,0,16.2,159.36,473.52,783.84,1017,1173.36,1222.32,1208.52,1099.56,887.76,588.12,254.4,41.76,0,0,0,0,0
4,10,0,0,0,0,0,0,3.36,87.24,362.76,819.84,1046.88,1148.76,1219.2,1191.12,1067.28,765.84,543.12,239.16,30.36,0,0,0,0,0
4,11,0,0,0,0,0,0,12.12,133.8,325.2,542.88,650.4,757.56,938.16,861,617.76,559.2,270,209.76,36.36,0,0,0,0,0
4,12,0,0,0,0,0,0,7.68,69.96,175.2,404.28,322.08,383.28,334.68,343.44,503.4,462.72,475.68,152.64,27.24,0,0,0,0,0
4,13,0,0,0,0,0,0,1.8,30.72,75.84,171.12,225.72,660.84,940.68,656.76,314.76,143.64,277.32,121.2,25.56,0,0,0,0,0
4,14,0,0,0,0,0,0,16.92,153.36,409.56,866.16,1070.88,1183.8,1217.52,1217.76,1120.2,903.36,602.04,271.8,49.68,0,0,0,0,0
4,15,0,0,0,0,0,0,28.8,207.36,561.6,853.32,1045.92,1195.8,1229.64,1136.28,1082.28,883.8,577.08,230.88,46.56,0,0,0,0,0
4,16,0,0,0,0,0,0,2.76,109.32,301.8,604.08,752.04,898.32,747.48,645.72,412.32,280.92,239.16,190.8,38.04,0,0,0,0,0
4,17,0,0,0,0,0,0,14.52,89.52,137.64,170.76,179.28,141.24,72.24,61.2,37.92,23.28,14.88,7.8,0.48,0,0,0,0,0
4,18,0,0,0,0,0,0,0.24,25.68,75.6,168.48,170.28,170.88,118.92,257.88,152.28,94.32,103.68,54.24,22.68,0,0,0,0,0
4,19,0,0,0,0,0,0,21.24,129.36,214.92,210.36,226.8,324.24,300.48,803.88,762.36,316.92,396.6,170.52,31.2,0,0,0,0,0
4,20,0,0,0,0,0,0,2.4,240.24,469.92,855.48,1053.24,1187.16,1213.44,1131.84,1004.88,901.08,542.64,239.88,46.92,0,0,0,0,0
4,21,0,0,0,0,0,0,38.64,230.04,564.12,856.92,1033.44,1150.8,1234.68,1168.2,926.16,735.36,404.28,213.24,69,0,0,0,0,0
4,22,0,0,0,0,0,0,24.6,218.64,341.16,476.88,654.24,863.04,947.52,1107.36,1145.52,930.72,647.28,299.52,59.88,0,0,0,0,0
4,23,0,0,0,0,0,0,41.4,250.2,565.68,856.8,1046.28,1177.08,1211.64,1220.88,1094.52,896.04,605.28,275.88,60.24,0.72,0,0,0,0
4,24,0,0,0,0,0,0,32.88,191.76,519.24,815.52,1000.68,1109.4,1191.48,1162.8,1061.76,883.44,617.28,294.36,60.6,0,0,0,0,0
4,25,0,0,0,0,0,0,52.2,253.8,557.4,837.12,1023.84,1135.2,1179.48,1140.48,1044.84,853.8,570.72,255.24,61.2,0,0,0,0,0
4,26,0,0,0,0,0,0,46.56,192,300.84,373.32,430.56,504.48,660.96,553.56,471.24,339.36,235.32,151.08,26.64,0,0,0,0,0
4,27,0,0,0,0,0,0,1.08,55.44,97.8,139.44,176.64,166.92,167.76,182.16,129.6,93.6,28.56,7.08,0,0,0,0,0,0
4,28,0,0,0,0,0,0,3.24,33.24,104.76,194.04,185.76,296.88,362.4,373.8,61.2,154.68,39.96,0.72,0,0,0,0,0,0
4,29,0,0,0,0,0,0,17.76,91.92,105.6,137.76,266.88,285.72,285.12,447.12,212.16,217.56,217.68,108.84,19.32,0,0,0,0,0
4,30,0,0,0,0,0,0,27.6,155.52,358.68,645,873.96,825.6,738.24,1095.24,1166.52,978.72,700.8,358.68,78.36,1.08,0,0,0,0
5,1,0,0,0,0,0,0,63.96,308.16,629.76,890.28,1076.4,1206.72,1214.52,1213.32,1107.48,928.44,657.96,339.96,83.88,1.2,0,0,0,0
5,2,0,0,0,0,0,0,34.92,254.04,321.24,487.92,892.8,1048.08,1068.24,1085.52,943.68,759.84,534,224.64,29.04,0,0,0,0,0
5,3,0,0,0,0,0,0,61.8,328.32,660.96,942.24,1164.24,1272.96,1310.52,1289.16,1183.68,993.12,707.88,365.4,90.36,1.44,0,0,0,0
5,4,0,0,0,0,0,0,46.44,154.08,403.08,742.32,757.44,678.72,678.6,853.92,678.36,364.8,196.44,96.6,12.24,0,0,0,0,0
5,5,0,0,0,0,0,0,71.4,302.52,576.12,911.64,1175.16,1306.44,1338.24,1271.04,1188.72,996.48,717.12,360.36,98.16,1.92,0,0,0,0
5,6,0,0,0,0,0,0.96,75.96,353.76,694.32,969.96,1161.36,1261.2,1253.16,1254.12,1147.8,948.12,680.16,343.8,90.12,2.64,0,0,0,0
5,7,0,0,0,0,0,1.8,77.28,335.04,663.6,941.16,1146.48,1268.4,1299.96,1265.76,1146.24,956.4,686.64,353.28,87.48,3.12,0,0,0,0
5,8,0,0,0,0,0,0,0,48.72,363.96,645.96,702.6,1075.68,1247.04,1297.44,1155.36,976.56,695.04,348.6,73.92,1.08,0,0,0,0
5,9,0,0,0,0,0,0.84,86.64,306.84,621.72,884.52,1043.28,1122.24,1176.12,1137.24,1029.6,866.52,590.88,327,111,5.16,0,0,0,0
5,10,0,0,0,0,0,2.52,88.92,307.2,605.52,817.56,989.4,1093.56,1125.84,1117.44,982.08,773.76,463.32,324.96,67.92,3.6,0,0,0,0
5,11,0,0,0,0,0,0,54.48,218.04,422.4,595.44,967.08,951.36,588.12,214.08,84.72,119.88,68.64,19.8,0,0,0,0,0,0
5,12,0,0,0,0,0,0,32.52,163.8,431.64,761.16,1068.36,1164.48,1166.16,1188.12,973.92,758.4,548.16,374.76,93.24,6.24,0,0,0,0
5,13,0,0,0,0,0,1.44,79.2,302.64,604.2,861.12,1050.72,1146.36,1161.84,1147.08,1047.84,871.8,626.16,334.44,89.16,4.44,0,0,0,0
5,14,0,0,0,0,0,0,0.6,33.48,84.48,142.08,230.4,368.76,288.72,422.88,479.76,415.2,218.16,148.92,19.2,0,0,0,0,0
5,15,0,0,0,0,0,0,9.36,146.4,478.56,784.32,1070.28,1253.52,1308.6,1259.4,1139.76,971.16,697.44,372.48,105.12,3.12,0,0,0,0
5,16,0,0,0,0,0,1.92,85.68,315.6,616.32,859.92,1031.52,1137.24,1189.08,1116.84,961.68,878.88,443.28,257.04,92.16,5.16,0,0,0,0
5,17,0,0,0,0,0,3,95.52,339.12,648,895.68,1071.12,1171.56,1196.16,1155.48,1066.08,920.04,659.16,330.84,103.08,7.2,0,0,0,0
5,18,0,0,0,0,0,2.4,104.64,314.64,638.88,883.8,1049.28,1147.92,1177.68,1136.76,971.04,766.56,460.8,287.64,105.36,5.04,0,0,0,0
5,19,0,0,0,0,0,2.4,94.44,330,628.08,873.24,1031.4,1061.16,1141.2,1096.56,1022.4,755.04,548.52,327,108.84,6.48,0,0,0,0
5,20,0,0,0,0,0,0,0,12.48,22.08,46.08,68.16,73.2,101.76,108.48,110.04,210.96,307.2,356.28,118.32,7.56,0,0,0,0
5,21,0,0,0,0,0,2.16,53.88,191.52,383.4,581.04,845.16,660.48,688.8,810.12,1006.2,954,683.4,367.92,114.36,9.48,0,0,0,0
5,22,0,0,0,0,0,7.68,111.12,318,568.2,808.2,965.16,1062.96,1090.8,1047.24,940.08,759.36,515.52,272.52,87.96,5.28,0,0,0,0
5,23,0,0,0,0,0,1.44,81.6,264.36,515.16,762,947.16,1056.6,1088.04,1043.64,942.48,767.4,543.36,295.2,101.64,7.32,0,0,0,0
5,24,0,0,0,0,0,1.44,90,286.44,521.76,641.64,725.52,923.64,1083,1000.2,789.24,503.76,279,209.88,68.28,3,0,0,0,0
5,25,0,0,0,0,0,1.44,95.76,267.72,223.44,228.24,392.16,671.88,355.44,377.88,249.48,250.44,231.24,58.2,13.92,0,0,0,0,0
5,26,0,0,0,0,0,0,11.16,75,288.84,852.48,1090.08,1233.72,1222.44,1262.64,1157.16,977.4,716.16,398.4,113.64,9,0,0,0,0
5,27,0,0,0,0,0,0,53.52,205.68,538.44,842.76,999.12,1089.24,1108.56,1050.72,935.52,781.8,583.92,323.52,114.72,9.96,0,0,0,0
5,28,0,0,0,0,0,0.36,64.44,188.52,494.4,813.96,1013.16,1117.32,1146.24,1125.84,1043.52,886.68,630.24,341.64,112.44,10.2,0,0,0,0
5,29,0,0,0,0,0,0,38.88,140.64,363.48,879.24,952.08,1026.48,985.2,1124.16,1009.08,829.68,594.72,396.96,114.48,15.12,0,0,0,0
5,30,0,0,0,0,0,5.4,98.64,340.32,632.88,863.64,1033.32,1130.76,1162.8,1135.2,1035.6,867,636.84,350.28,110.76,10.2,0,0,0,0
5,31,0,0,0,0,0,5.16,93.6,309.12,574.32,807.48,987.96,1093.44,1129.92,1096.44,1001.16,849.12,625.32,347.28,115.68,7.68,0,0,0,0
6,1,0,0,0,0,0,0.24,59.76,109.56,193.68,256.08,333.96,621.48,571.2,496.68,352.2,340.08,145.2,78.84,24.36,0,0,0,0,0
6,2,0,0,0,0,0,0,0,27.24,76.68,63.96,168.96,615,520.44,413.16,195.12,173.16,135.12,77.88,18.12,0,0,0,0,0
6,3,0,0,0,0,0,0,0,6.96,38.28,79.2,96.96,93,149.88,133.8,61.44,49.56,40.2,17.4,2.52,0.84,0,0,0,0
6,4,0,0,0,0,0,0,6.24,80.4,150.96,442.56,374.16,615.12,914.76,840.84,437.4,796.92,472.8,80.88,21.48,0,0,0,0,0
6,5,0,0,0,0,0,3.48,82.32,149.64,354.12,572.4,636.96,755.88,742.56,724.68,715.44,907.32,652.08,393.24,127.92,10.32,0,0,0,0
6,6,0,0,0,0,0,0,76.32,316.56,621.96,790.32,678,720.96,632.04,503.16,223.2,36.24,23.64,16.68,47.64,9.84,0,0,0,0
6,7,0,0,0,0,0,8.28,102.12,228,426,842.76,805.08,711.6,691.92,678.24,387.96,272.76,309.84,216.36,46.2,11.04,0,0,0,0
6,8,0,0,0,0,0,0,15.72,97.44,117.12,417.36,462.36,361.32,651.48,693.6,611.4,566.88,342.84,264.24,136.32,4.2,0,0,0,0
6,9,0,0,0,0,0,0.12,99.24,266.64,125.16,164.52,478.44,723.48,475.68,587.64,504.36,671.16,586.44,230.28,21.6,0,0,0,0,0
6,10,0,0,0,0,0,0,44.88,170.64,202.92,355.8,492.12,643.2,885.48,903.12,971.04,837.6,523.8,201.36,81,4.2,0,0,0,0
6,11,0,0,0,0,0,5.52,106.44,245.4,504.24,780.48,950.76,1013.04,1123.92,1122,1026,841.2,635.4,358.8,137.4,16.92,0,0,0,0
6,12,0,0,0,0,0,0,0,156,491.64,595.68,649.2,676.2,1068.48,1069.32,949.2,881.04,636.84,366.72,106.32,20.16,0,0,0,0
6,13,0,0,0,0,0,0,58.32,190.68,530.64,778.32,957.6,925.68,1080.84,1024.2,807.72,830.16,508.56,252.12,115.68,13.08,0,0,0,0
6,14,0,0,0,0,0,2.16,52.8,216,583.2,735,998.28,1036.92,1140.48,1069.2,841.2,741.24,368.16,291.96,163.08,14.64,0,0,0,0
6,15,0,0,0,0,0,0.6,93.36,192.12,368.4,707.52,992.88,1068.72,1119.12,708.12,735.48,846.96,577.32,342,164.04,16.68,0,0,0,0
6,16,0,0,0,0,0,1.56,60.12,166.32,264.24,706.44,996.72,1070.64,1072.44,764.64,584.16,605.28,330.72,157.2,47.28,6.24,0,0,0,0
6,17,0,0,0,0,0,0,0,18.6,85.56,241.2,255.24,222.72,71.64,191.28,56.16,90.6,248.04,312.12,84.36,13.32,0,0,0,0
6,18,0,0,0,0,0,0,82.68,207,386.88,603,705.48,923.52,995.16,861.96,829.92,803.88,477.24,385.92,135.84,17.88,0,0,0,0
6,19,0,0,0,0,0,0,68.88,251.04,484.2,734.16,922.44,842.04,1024.08,990.36,986.76,839.76,625.92,360.84,130.92,14.52,0,0,0,0
6,20,0,0,0,0,0,7.68,96.48,233.52,432.96,711.36,826.8,672.36,519.72,415.2,423.48,444.24,340.68,278.28,96.6,10.44,0,0,0,0
6,21,0,0,0,0,0,0,84.24,223.08,411.72,353.16,230.52,358.92,157.08,143.4,228.36,178.68,220.56,109.32,48.12,1.68,0,0,0,0
6,22,0,0,0,0,0,0.84,88.8,139.8,274.44,494.04,363.6,449.16,679.08,610.68,249.48,156.6,225,199.44,51.84,12.6,0,0,0,0
6,23,0,0,0,0,0,0,34.68,126,212.4,369.24,556.44,683.16,658.32,774.48,777.48,586.56,450.24,225.6,147.84,25.92,0,0,0,0
6,24,0,0,0,0,0,3.96,87.48,274.92,468.36,605.28,906,825.6,1072.56,981.36,958.8,888.12,644.04,360.6,123.48,18.96,0,0,0,0
6,25,0,0,0,0,0,7.2,121.2,289.92,421.68,730.32,905.76,910.68,804.72,757.92,522,365.64,323.16,184.08,71.76,2.64,0,0,0,0
6,26,0,0,0,0,0,4.32,122.16,280.68,518.4,723.72,799.68,944.88,1027.32,973.68,724.92,410.64,393.24,203.52,96.72,15.72,0,0,0,0
6,27,0,0,0,0,0,0.24,81.12,268.44,396.36,799.68,992.64,1110.96,1160.16,1054.2,1047.6,823.32,635.88,317.4,156.72,38.88,0,0,0,0
6,28,0,0,0,0,0,0,52.08,252.84,435.84,615.72,721.32,915,1076.88,1066.56,1019.88,874.56,670.92,414.48,142.08,19.32,0,0,0,0
6,29,0,0,0,0,0,0.96,82.44,296.16,610.8,795.12,961.44,1136.64,1153.92,1156.56,1029.96,741.72,478.8,362.88,142.8,14.76,0,0,0,0
6,30,0,0,0,0,0,0.96,75,221.16,260.88,338.04,487.2,614.64,894.48,918.72,1051.56,897.12,676.44,396.6,136.2,19.56,0,0,0,0
7,1,0,0,0,0,0,2.64,83.88,204.6,384.6,598.2,774.12,849.84,937.56,921.72,729.84,483.96,261.24,158.88,90.12,9.72,0,0,0,0
7,2,0,0,0,0,0,0,37.32,90.84,111.48,235.08,257.88,397.2,317.76,256.68,213.6,98.52,74.52,35.28,14.4,10.08,0,0,0,0
7,3,0,0,0,0,0,0,0,21.24,61.2,122.52,220.56,240.96,203.16,123.96,53.52,111,142.2,77.64,30.6,2.28,0,0,0,0
7,4,0,0,0,0,0,0,6.84,81.24,154.56,366.24,782.04,1014.84,147.24,249.12,212.76,199.2,260.4,107.76,61.2,8.64,0,0,0,0
7,5,0,0,0,0,0,0,45.72,207.84,348.96,377.76,374.16,405,443.04,495,343.32,233.4,143.28,82.68,51.12,4.56,0,0,0,0
7,6,0,0,0,0,0,0,0,23.04,24.24,74.52,133.92,138.48,196.92,309,386.64,177.36,81.36,74.04,29.16,1.08,0,0,0,0
7,7,0,0,0,0,0,0,2.52,34.2,162.6,157.2,517.68,709.56,977.88,340.32,214.56,124.56,85.92,73.32,37.44,0,0,0,0,0
7,8,0,0,0,0,0,0,55.8,152.76,179.64,336.6,808.44,601.8,752.76,734.04,862.92,492.6,318.12,184.44,88.56,15.12,0,0,0,0
7,9,0,0,0,0,0,0,2.4,52.92,62.88,122.64,398.52,819.24,537.48,313.44,171.72,414.48,155.28,175.8,40.2,1.68,0,0,0,0
7,10,0,0,0,0,0,0,62.28,298.92,549.72,818.64,931.56,1103.76,1130.16,1008.84,822.96,847.32,658.56,397.2,110.16,14.52,0,0,0,0
7,11,0,0,0,0,0,0,59.04,231.84,282.72,539.28,686.88,721.8,296.16,852.72,973.32,879,638.04,298.08,145.32,15.48,0,0,0,0
7,12,0,0,0,0,0,0,22.32,54.12,142.8,208.92,259.44,405.36,387,547.32,477.24,248.64,110.28,68.28,28.08,0,0,0,0,0
7,13,0,0,0,0,0,0,12.6,67.08,89.64,178.2,555.48,588.24,382.92,567.36,799.56,618.72,564.6,351.72,117.72,21.84,0,0,0,0
7,14,0,0,0,0,0,0,61.8,101.64,267.36,684.24,629.28,924.24,1080.12,1068.24,982.44,832.44,618.84,356.52,136.92,17.52,0,0,0,0
7,15,0,0,0,0,0,0,31.68,58.2,141.12,186.12,347.64,363.84,272.76,206.52,171.72,201.84,123.12,59.64,5.64,0,0,0,0,0
7,16,0,0,0,0,0,0,41.4,148.68,268.56,438.24,640.8,684.48,803.04,603.84,428.28,341.88,152.4,76.56,35.64,0,0,0,0,0
7,17,0,0,0,0,0,0,0.6,65.28,109.68,229.32,180.24,343.92,372.48,378.6,359.16,178.44,172.56,60.6,48.72,9.84,0,0,0,0
7,18,0,0,0,0,0,0,27.96,114.96,163.68,271.2,477.12,462.96,845.64,568.8,329.16,286.2,245.4,183.48,39.36,2.76,0,0,0,0
7,19,0,0,0,0,0,0,0,0,93.12,149.76,157.32,419.28,978.6,1076.64,1021.32,882,668.4,388.68,153.36,15.84,0,0,0,0
7,20,0,0,0,0,0,0,27,161.64,335.16,454.68,519.36,779.28,732.6,669.72,697.56,719.16,551.16,388.08,163.92,18.72,0,0,0,0
7,21,0,0,0,0,0,0,39.84,159,335.04,717.6,816.48,1032.72,1075.44,1085.88,1012.68,848.64,613.08,370.92,129.12,14.04,0,0,0,0
7,22,0,0,0,0,0,0,26.4,195.36,250.56,351.72,770.16,928.2,902.76,816.36,930.6,473.88,731.52,375.12,126.48,8.64,0,0,0,0
7,23,0,0,0,0,0,0,50.64,254.88,341.4,560.28,675.84,750.72,647.04,668.76,1097.28,791.88,576.24,375.48,124.2,4.92,0,0,0,0
7,24,0,0,0,0,0,0,23.04,212.64,481.56,584.52,379.8,315.96,414,852,876.48,724.8,460.44,354.72,74.04,7.56,0,0,0,0
7,25,0,0,0,0,0,0,74.88,280.8,550.68,614.88,912.84,1092.24,879.24,720.12,583.92,447.72,264.24,37.44,3.6,0,0,0,0,0
7,26,0,0,0,0,0,0,33.96,158.4,493.2,543.96,659.64,567.24,981.24,985.2,968.76,836.4,668.16,371.88,127.2,12.48,0,0,0,0
7,27,0,0,0,0,0,0,49.08,203.28,454.08,770.76,975.12,1096.92,1157.04,1029,987.84,831.96,640.8,346.2,96.84,7.8,0,0,0,0
7,28,0,0,0,0,0,0,27.36,211.68,229.2,264.6,158.76,197.88,246.6,235.08,152.16,38.88,51.12,57,23.52,1.08,0,0,0,0
7,29,0,0,0,0,0,0,31.08,151.32,417.24,768.36,981,996.12,1033.32,846.96,483.84,796.56,654.72,390.6,152.28,13.92,0,0,0,0
7,30,0,0,0,0,0,0,44.64,264.96,566.64,813.72,977.88,1064.16,1116.96,1086,1026.36,877.92,659.28,304.08,124.2,7.32,0,0,0,0
7,31,0,0,0,0,0,0,27,211.44,533.28,652.56,816.84,1088.28,1118.76,1098.72,1050,786.6,675.96,232.2,140.4,12.72,0,0,0,0
8,1,0,0,0,0,0,0,0,39.24,111.36,300,402.36,539.16,545.4,432.48,432.48,595.68,473.28,271.32,83.16,4.92,0,0,0,0
8,2,0,0,0,0,0,0,0,33.12,31.68,8.4,87.48,96.6,64.2,41.52,42,26.64,17.76,13.8,6.36,0,0,0,0,0
8,3,0,0,0,0,0,0,9.72,52.44,83.64,78.24,113.88,127.44,96,135.36,227.4,100.32,42.6,21.84,0.72,0,0,0,0,0
8,4,0,0,0,0,0,0,0,37.32,68.88,34.68,55.56,91.92,111.36,87.24,70.44,109.32,20.88,5.16,8.64,0.24,0,0,0,0
8,5,0,0,0,0,0,0,1.32,100.56,213.48,533.4,799.56,942.24,1099.08,1079.4,961.8,813.72,614.64,331.92,76.56,7.92,0,0,0,0
8,6,0,0,0,0,0,0,0,76.08,333.12,381.24,631.44,732.72,794.64,920.52,811.68,665.04,561.12,302.52,89.16,4.2,0,0,0,0
8,7,0,0,0,0,0,0,22.8,156,282.12,496.44,471.12,596.16,452.52,382.44,433.08,267,184.44,74.76,45.36,0,0,0,0,0
8,8,0,0,0,0,0,0,17.28,120.24,276.72,566.52,899.52,729.48,862.32,906.84,877.08,607.68,522.12,200.76,38.28,2.28,0,0,0,0
8,9,0,0,0,0,0,0,28.56,251.64,486.6,681.72,1027.32,990.6,1150.68,1047.6,1064.04,356.04,575.4,348.84,122.64,2.28,0,0,0,0
8,10,0,0,0,0,0,0,3.96,99.24,194.16,339.36,789.6,1132.8,1040.52,908.28,987.36,930.36,521.52,385.92,107.76,7.68,0,0,0,0
8,11,0,0,0,0,0,0,44.64,175.32,279.6,832.44,888,1094.16,1157.52,1173.6,1109.64,937.56,582.96,355.08,76.8,6.48,0,0,0,0
8,12,0,0,0,0,0,0,40.68,200.4,419.28,694.68,875.16,1023.72,927.6,1017.24,903,764.88,589.2,187.8,69.24,1.56,0,0,0,0
8,13,0,0,0,0,0,0,7.8,84.6,237.96,352.44,354.72,284.4,342.84,317.28,294.6,354.84,127.08,67.56,11.28,0,0,0,0,0
8,14,0,0,0,0,0,0,0,36.96,82.2,186.48,181.68,186.96,292.8,231.84,250.32,198.6,274.32,60.12,0,0,0,0,0,0
8,15,0,0,0,0,0,0,8.16,93.84,345.72,323.64,676.2,739.08,642.84,598.8,1108.32,669.36,467.04,331.32,100.8,2.28,0,0,0,0
8,16,0,0,0,0,0,0,66.48,224.52,555.24,840.24,1048.08,1171.32,1167,980.28,976.08,688.32,376.56,193.56,26.28,0,0,0,0,0
8,17,0,0,0,0,0,0,7.8,63.84,157.8,173.88,302.04,373.56,331.44,315.72,75.24,64.8,66.12,8.76,0,0,0,0,0,0
8,18,0,0,0,0,0,0,0,42.24,121.68,320.16,510.24,777.36,528,326.76,139.32,78.96,62.52,14.28,0,0,0,0,0,0
8,19,0,0,0,0,0,0,8.16,90.84,215.04,313.32,443.28,601.32,525.72,396.72,299.28,185.76,104.16,92.76,48,0.96,0,0,0,0
8,20,0,0,0,0,0,0,15.96,122.28,197.64,413.88,297.72,267.6,514.2,363.36,299.52,267,96.96,50.16,11.88,0,0,0,0,0
8,21,0,0,0,0,0,0,0.36,164.88,112.8,133.2,344.28,276.84,599.16,906.48,1004.52,721.08,508.68,271.32,61.44,0,0,0,0,0
8,22,0,0,0,0,0,0,19.56,105,355.08,558.84,844.68,1050.96,1059.12,1094.4,989.16,819.6,546.36,169.8,50.64,0,0,0,0,0
8,23,0,0,0,0,0,0,0,78.6,288,726.84,981.48,976.68,930.48,816.72,751.68,723.84,355.92,247.92,47.16,0,0,0,0,0
8,24,0,0,0,0,0,0,0,16.8,91.68,174.6,205.2,149.76,219,180.36,97.68,55.2,85.44,114.96,14.88,0,0,0,0,0
8,25,0,0,0,0,0,0,0,22.8,50.52,59.16,18.6,262.8,172.08,170.52,257.16,515.88,472.8,202.68,52.08,0,0,0,0,0
8,26,0,0,0,0,0,0,3.48,175.56,232.68,630.24,874.44,774.96,634.68,799.56,964.2,672.6,445.32,203.88,63.36,0,0,0,0,0
8,27,0,0,0,0,0,0,4.32,76.92,129.48,336.12,525.72,509.52,410.16,512.64,319.08,218.04,79.56,58.2,0,0,0,0,0,0
8,28,0,0,0,0,0,0,0,0,88.92,184.2,213.72,232.92,272.64,265.32,220.08,105.12,108.72,70.8,7.92,0,0,0,0,0
8,29,0,0,0,0,0,0,0,22.8,187.2,164.52,632.88,567.6,383.16,437.88,420.96,299.4,145.44,69.36,5.4,0,0,0,0,0
8,30,0,0,0,0,0,0,20.64,199.56,532.92,774.12,919.08,1107.96,1042.8,1067.76,708.24,550.32,336.24,271.32,31.2,0,0,0,0,0
8,31,0,0,0,0,0,0,10.92,129.24,185.76,329.16,682.08,551.28,260.04,236.04,234,210.24,132.6,107.4,21.96,0,0,0,0,0
9,1,0,0,0,0,0,0,14.88,188.28,523.68,822,1038.96,1153.08,1162.56,1127.76,1032.24,853.08,583.56,221.16,42.12,0,0,0,0,0
9,2,0,0,0,0,0,0,4.68,54.48,181.68,233.52,219.48,264.24,417.6,155.4,76.08,75.12,53.28,6.36,0,0,0,0,0,0
9,3,0,0,0,0,0,0,0.96,49.92,66,114,123.12,246.6,188.16,175.8,258.72,82.2,241.44,92.04,19.44,0,0,0,0,0
9,4,0,0,0,0,0,0,13.68,193.92,434.16,488.28,899.64,1001.64,922.8,1075.32,1071.96,892.08,612.72,270.48,37.56,0,0,0,0,0
9,5,0,0,0,0,0,0,2.04,135.72,563.28,877.56,1023,973.08,715.8,1031.04,750.48,594.24,463.8,268.68,21.24,0,0,0,0,0
9,6,0,0,0,0,0,0,0,42.36,124.44,227.28,242.52,637.56,884.76,1140.6,750.24,672.84,543.6,240.84,33.84,0,0,0,0,0
9,7,0,0,0,0,0,0,1.68,111.72,155.64,230.16,756.96,1101.12,1105.68,1115.28,904.92,770.64,426.36,219,12.12,0,0,0,0,0
9,8,0,0,0,0,0,0,5.52,91.32,375.12,731.64,979.44,1083.72,1130.52,1120.44,1029.36,841.2,569.64,242.64,29.4,0,0,0,0,0
9,9,0,0,0,0,0,0,10.32,216.12,461.4,736.92,789.84,924.48,1006.56,835.32,891.24,337.2,263.04,98.28,16.92,0,0,0,0,0
9,10,0,0,0,0,0,0,17.28,181.08,575.28,876.96,1072.32,1111.56,1221.6,1151.64,1112.28,909.84,612.96,260.76,27.72,0,0,0,0,0
9,11,0,0,0,0,0,0,20.16,189.36,483.72,752.64,981.12,1089.96,1136.52,1117.56,947.4,696.6,252.96,79.8,3.6,0,0,0,0,0
9,12,0,0,0,0,0,0,7.56,76.32,280.8,236.76,284.28,309,410.16,291.96,178.32,136.56,144.24,56.52,5.28,0,0,0,0,0
9,13,0,0,0,0,0,0,17.4,209.28,559.92,852.24,1060.44,1172.88,1210.68,1161.6,1043.4,849.84,555.84,222.36,19.32,0,0,0,0,0
9,14,0,0,0,0,0,0,11.28,110.16,322.68,518.04,369.72,919.8,1097.16,999.72,880.68,602.88,438.96,224.88,25.44,0,0,0,0,0
9,15,0,0,0,0,0,0,2.64,45.36,131.4,292.2,854.88,966.6,707.16,800.52,445.08,495.24,417.6,204.48,6.12,0,0,0,0,0
9,16,0,0,0,0,0,0,0,69.24,216.96,409.32,862.44,599.16,348.96,891.36,556.8,399.96,110.64,69.6,3.48,0,0,0,0,0
9,17,0,0,0,0,0,0,0,21.36,79.56,279.48,423,539.28,778.68,756.72,949.92,818.04,554.4,200.76,16.08,0,0,0,0,0
9,18,0,0,0,0,0,0,2.52,67.44,262.32,717,893.64,884.52,534,369.96,445.2,269.76,155.04,81.12,2.52,0,0,0,0,0
9,19,0,0,0,0,0,0,0.36,60.72,161.64,302.88,385.8,321.72,287.64,266.28,257.52,191.28,210.84,82.08,6.6,0,0,0,0,0
9,20,0,0,0,0,0,0,9.72,197.52,517.92,858.36,1050.84,860.52,1176.72,1119.72,1043.76,795.96,232.44,144,3.72,0,0,0,0,0
9,21,0,0,0,0,0,0,9.24,193.56,544.56,838.32,1033.68,1096.68,1181.76,1143.36,1035.96,628.68,484.68,108.12,8.16,0,0,0,0,0
9,22,0,0,0,0,0,0,6.84,168.48,549,849,1048.92,1162.68,1187.16,1140.36,1029.24,838.8,506.88,201.12,9.48,0,0,0,0,0
9,23,0,0,0,0,0,0,0,28.2,141.12,227.28,357.48,436.92,794.76,376.2,256.2,138.24,82.2,24,0,0,0,0,0,0
9,24,0,0,0,0,0,0,0,48.36,41.4,145.56,86.04,121.68,223.68,346.08,209.04,191.28,107.04,18.36,0,0,0,0,0,0
9,25,0,0,0,0,0,0,4.2,68.52,192.96,570.6,635.76,845.88,992.76,1061.64,969.48,814.68,392.76,177.84,5.28,0,0,0,0,0
9,26,0,0,0,0,0,0,3.12,75.72,411.84,703.68,937.8,993.12,1087.32,1141.2,852.96,446.28,333.84,96.12,6.36,0,0,0,0,0
9,27,0,0,0,0,0,0,4.32,164.04,502.08,776.52,1007.4,1114.08,1125.6,1063.8,767.04,252.48,257.16,152.76,4.2,0,0,0,0,0
9,28,0,0,0,0,0,0,4.68,159.72,504,801.96,1020.84,1124.28,1148.52,1096.92,940.68,526.32,189.48,39.72,4.2,0,0,0,0,0
9,29,0,0,0,0,0,0,0,19.2,66,115.68,103.2,144.48,230.28,125.04,67.2,86.88,39.6,15.84,0,0,0,0,0,0
9,30,0,0,0,0,0,0,2.16,137.64,282.72,787.68,845.88,1124.76,933.24,482.64,411.6,520.2,213.96,73.56,1.2,0,0,0,0,0
10,1,0,0,0,0,0,0,4,107,399,799,1005,1137,1091,1082,641,786,419,85,0,0,0,0,0,0
10,2,0,0,0,0,0,0,3,154,523,681,780,454,403,706,591,450,364,73,0,0,0,0,0,0
10,3,0,0,0,0,0,0,2,180,351,600,925,512,1072,558,461,492,368,116,0,0,0,0,0,0
10,4,0,0,0,0,0,0,3,180,575,892,1078,1184,1192,1089,1033,788,438,138,0,0,0,0,0,0
10,5,0,0,0,0,0,0,3,177,555,878,1086,1197,1223,1174,1056,816,483,131,0,0,0,0,0,0
10,6,0,0,0,0,0,0,2,135,533,860,1096,1210,1216,1213,1079,846,505,140,0,0,0,0,0,0
10,7,0,0,0,0,0,0,2.76,176.52,544.56,866.4,1056.72,1143.36,1187.04,1143.6,1021.32,811.56,491.28,121.92,0,0,0,0,0,0
10,8,0,0,0,0,0,0,2.16,141,498.24,841.32,915.48,1076.16,1178.28,1111.32,952.92,704.52,375.24,88.44,0,0,0,0,0,0
10,9,0,0,0,0,0,0,0,152.76,489.84,692.16,917.88,1037.76,1226.52,1099.68,848.04,709.68,286.68,59.76,0,0,0,0,0,0
10,10,0,0,0,0,0,0,2.04,181.44,560.16,878.28,1072.56,1165.44,1197.48,1137.6,1013.52,776.04,447.72,104.4,0,0,0,0,0,0
10,11,0,0,0,0,0,0,1.08,158.64,539.88,860.4,1074.84,1175.28,1196.4,1143,1019.4,803.04,471.84,108.36,0,0,0,0,0,0
10,12,0,0,0,0,0,0,0,15.12,115.56,158.04,141.72,196.08,128.16,119.76,87.84,60.6,28.68,0.84,0,0,0,0,0,0
10,13,0,0,0,0,0,0,0,33.96,180.84,589.44,890.4,453.96,271.8,328.8,312.24,509.16,496.32,109.2,0,0,0,0,0,0
10,14,0,0,0,0,0,0,0.84,164.16,531,838.2,1091.28,1190.64,1163.52,1155.36,1012.56,771.84,463.2,100.32,0,0,0,0,0,0
10,15,0,0,0,0,0,0,0,173.88,603.84,867.72,1137,1253.88,1230.48,1169.16,1048.32,814.8,477.72,95.04,0,0,0,0,0,0
10,16,0,0,0,0,0,0,0,12.12,257.4,519.48,978.24,975,925.32,1011.24,1026.96,864,503.16,88.92,0,0,0,0,0,0
10,17,0,0,0,0,0,0,0.48,189.24,627.96,954,1140,1253.04,1276.44,1225.44,1061.04,828.84,480.96,82.2,0,0,0,0,0,0
10,18,0,0,0,0,0,0,0.36,165.24,589.32,919.8,1121.16,1223.4,1240.8,1175.64,1039.92,786.48,443.52,70.68,0,0,0,0,0,0
10,19,0,0,0,0,0,0,0.24,157.56,584.4,883.44,1076.64,1214.04,1223.16,1057.92,748.56,408.6,140.88,44.88,0,0,0,0,0,0
10,20,0,0,0,0,0,0,0,0.48,45.6,72,85.32,66.72,97.68,94.56,79.08,98.28,52.44,0,0,0,0,0,0,0
10,21,0,0,0,0,0,0,0,52.92,194.4,537.12,343.2,292.8,270.48,258.36,42.6,36.72,5.64,0,0,0,0,0,0,0
10,22,0,0,0,0,0,0,0,0,26.52,123.48,289.44,1021.56,1133.28,514.8,217.92,503.52,301.8,30.24,0,0,0,0,0,0
10,23,0,0,0,0,0,0,0,107.28,521.04,852.24,1051.08,1161.36,1166.76,1127.76,994.56,640.8,253.68,23.52,0,0,0,0,0,0
10,24,0,0,0,0,0,0,0,44.04,211.08,520.8,1035.12,1106.88,1152.12,1110.96,952.8,695.04,329.76,30,0,0,0,0,0,0
10,25,0,0,0,0,0,0,0,32.4,178.44,417.72,745.8,1161.24,1158.84,1122.36,980.4,717.48,354,32.28,0,0,0,0,0,0
10,26,0,0,0,0,0,0,0,36.36,244.8,861.12,1065.36,863.28,683.04,789,700.68,714.48,369.36,32.88,0,0,0,0,0,0
10,27,0,0,0,0,0,0,0,109.8,578.4,947.4,1174.68,1277.52,1300.56,1236.48,1080.24,828.72,402.24,28.56,0,0,0,0,0,0
10,28,0,0,0,0,0,0,0,99.6,570.48,942.72,1148.52,1245.72,1252.56,1178.88,1029.36,782.52,364.92,22.44,0,0,0,0,0,0
10,29,0,0,0,0,0,0,0,35.76,321.48,757.08,744.24,503.28,497.4,307.32,196.56,129.72,46.44,6.6,0,0,0,0,0,0
10,30,0,0,0,0,0,0,0,24,70.2,230.04,507,906.48,703.8,616.08,272.64,114.72,38.28,4.44,0,0,0,0,0,0
10,31,0,0,0,0,0,0,0,0,10.08,35.4,35.16,43.08,45.36,65.4,46.92,18,4.92,0,0,0,0,0,0,0
11,1,0,0,0,0,0,0,0,0.36,25.32,117,95.4,57.84,146.52,149.76,254.64,210.12,128.76,21,0,0,0,0,0,0
11,2,0,0,0,0,0,0,0,0,5.16,24.48,101.28,309.6,808.32,924.48,700.32,569.76,199.56,3.24,0,0,0,0,0,0
11,3,0,0,0,0,0,0,0,50.64,230.88,871.32,1110.24,1245.24,1205.4,1069.56,651.6,432.24,256.68,9.72,0,0,0,0,0,0
11,4,0,0,0,0,0,0,0,41.88,485.64,909.24,1124.88,1235.04,1266.72,1197.24,906.96,674.76,286.32,11.76,0,0,0,0,0,0
11,5,0,0,0,0,0,0,0,36.24,180.36,889.92,1122.36,1225.92,1259.64,1152.72,977.4,655.56,221.16,11.16,0,0,0,0,0,0
11,6,0,0,0,0,0,0,0,0,0,454.56,660,1057.92,1092.6,981.24,426.72,273,87.12,6.24,0,0,0,0,0,0
11,7,0,0,0,0,0,0,0,31.2,336,821.52,1045.92,1086.72,1218.6,1073.52,950.04,692.28,214.44,8.52,0,0,0,0,0,0
11,8,0,0,0,0,0,0,0,9.84,79.08,139.2,231.48,175.32,227.64,257.76,146.16,59.4,30,5.88,0,0,0,0,0,0
11,9,0,0,0,0,0,0,0,24.6,333.36,738.96,791.4,821.88,908.4,837.48,961.08,565.44,157.68,6.48,0,0,0,0,0,0
11,10,0,0,0,0,0,0,0,20.88,324.12,809.4,1098.12,1217.28,1213.8,1132.32,956.88,580.44,172.44,8.76,0,0,0,0,0,0
11,11,0,0,0,0,0,0,0,21.24,79.68,308.76,722.76,1131.72,1046.64,963.12,851.4,480,139.8,7.56,0,0,0,0,0,0
11,12,0,0,0,0,0,0,0,15.48,87.12,160.8,178.44,554.16,958.92,946.08,578.28,234,66,6.12,0,0,0,0,0,0
11,13,0,0,0,0,0,0,0,21.24,180.12,708.12,460.68,696.72,368.04,412.92,317.52,162,64.92,2.64,0,0,0,0,0,0
11,14,0,0,0,0,0,0,0,12.24,254.16,717.12,1061.28,781.56,759.48,1031.04,969,585.84,114.24,3.48,0,0,0,0,0,0
11,15,0,0,0,0,0,0,0,23.28,153.12,231.12,83.04,189.84,434.52,605.04,686.16,202.32,69.36,6.6,0,0,0,0,0,0
11,16,0,0,0,0,0,0,0,9.48,67.68,252.6,514.8,938.64,1038.6,834.24,161.88,118.8,37.56,1.68,0,0,0,0,0,0
11,17,0,0,0,0,0,0,0,8.16,3,110.28,612.36,844.44,263.64,924.24,272.4,290.64,76.8,9.12,0,0,0,0,0,0
11,18,0,0,0,0,0,0,0,20.52,223.32,693.84,1053.72,923.04,962.52,1124.64,969.12,477,99.48,4.68,0,0,0,0,0,0
11,19,0,0,0,0,0,0,0,11.76,188.16,686.52,1165.32,1282.08,1269,1021.56,745.08,336.6,101.4,4.44,0,0,0,0,0,0
11,20,0,0,0,0,0,0,0,13.08,200.52,641.04,1075.08,1204.8,1224.12,1147.2,956.64,471.24,85.44,4.56,0,0,0,0,0,0
11,21,0,0,0,0,0,0,0,7.92,91.44,427.92,767.04,858.36,939,834.12,521.16,201.96,86.16,4.44,0,0,0,0,0,0
11,22,0,0,0,0,0,0,0,10.8,169.08,557.64,963.12,1090.2,810.72,152.4,128.16,126.72,3,0,0,0,0,0,0,0
11,23,0,0,0,0,0,0,0,7.44,72.6,134.28,279.36,778.2,786.24,415.92,226.68,70.08,22.92,0,0,0,0,0,0,0
11,24,0,0,0,0,0,0,0,0,32.04,47.76,16.56,19.08,11.04,0,3.6,10.68,0.36,0,0,0,0,0,0,0
11,25,0,0,0,0,0,0,0,2.52,49.56,92.76,131.88,511.44,372.6,568.2,271.68,102.36,39.84,0,0,0,0,0,0,0
11,26,0,0,0,0,0,0,0,0.72,24.72,44.52,284.64,1020.48,1119.36,1079.28,797.64,407.28,67.32,3,0,0,0,0,0,0
11,27,0,0,0,0,0,0,0,1.92,51.24,116.16,206.04,331.2,984.96,1135.32,822.96,455.52,51.6,3.36,0,0,0,0,0,0
11,28,0,0,0,0,0,0,0,0,3.72,35.64,35.88,38.76,26.28,84.24,76.2,39.12,38.64,0,0,0,0,0,0,0
11,29,0,0,0,0,0,0,0,2.28,64.56,321.6,230.88,615.72,679.2,785.76,436.32,139.2,32.52,1.44,0,0,0,0,0,0
11,30,0,0,0,0,0,0,0,4.32,15.36,47.76,92.4,91.2,58.44,35.64,24.48,25.2,1.08,0,0,0,0,0,0,0
12,1,0,0,0,0,0,0,0,3.12,28.92,160.8,367.68,142.44,416.52,438.6,389.52,129.6,46.2,0.12,0,0,0,0,0,0
12,2,0,0,0,0,0,0,0,8.04,103.56,418.44,734.16,894.48,875.88,430.8,489.24,199.44,45.6,1.32,0,0,0,0,0,0
12,3,0,0,0,0,0,0,0,0,35.52,220.56,223.08,227.64,314.28,625.08,190.92,92.76,0.72,0,0,0,0,0,0,0
12,4,0,0,0,0,0,0,0,0,68.4,242.04,600.24,777.48,1024.08,742.32,159.84,314.16,51.96,4.32,0,0,0,0,0,0
12,5,0,0,0,0,0,0,0,0,0.48,17.28,129.6,269.16,117.48,42.96,9.24,4.08,0,0,0,0,0,0,0,0
12,6,0,0,0,0,0,0,0,0,0,16.68,242.76,856.8,1132.92,1089.84,541.2,210.36,76.8,2.16,0,0,0,0,0,0
12,7,0,0,0,0,0,0,0,5.4,57,161.52,200.28,310.68,713.16,557.16,415.68,265.44,76.8,1.2,0,0,0,0,0,0
12,8,0,0,0,0,0,0,0,0,57.72,332.04,381.48,684.84,1042.2,1069.68,572.04,356.76,70.8,3.36,0,0,0,0,0,0
12,9,0,0,0,0,0,0,0,3.48,49.2,465.24,780,1247.04,1335.36,1093.56,481.32,343.08,70.56,2.76,0,0,0,0,0,0
12,10,0,0,0,0,0,0,0,0,14.16,50.88,320.76,170.64,29.88,142.92,323.04,171.48,69.72,0,0,0,0,0,0,0
12,11,0,0,0,0,0,0,0,1.92,68.4,245.76,430.08,705.36,501.72,409.56,188.64,34.2,27.72,0,0,0,0,0,0,0
12,12,0,0,0,0,0,0,0,0,27.12,155.4,417.6,109.68,76.68,727.56,136.68,189.48,32.16,0.96,0,0,0,0,0,0
12,13,0,0,0,0,0,0,0,0,17.64,205.44,339.96,477.96,312.72,163.92,216.72,127.44,37.92,3.84,0,0,0,0,0,0
12,14,0,0,0,0,0,0,0,0,11.52,148.92,661.32,1112.28,1265.04,1160.64,646.68,380.76,41.28,2.64,0,0,0,0,0,0
12,15,0,0,0,0,0,0,0,1.8,84.36,305.04,449.76,721.8,536.64,558,289.68,63,27.12,0.72,0,0,0,0,0,0
12,16,0,0,0,0,0,0,0,2.64,56.52,97.92,183,446.4,606.48,366.96,319.8,66,17.28,0,0,0,0,0,0,0
12,17,0,0,0,0,0,0,0,0,0,0,0,0,0,0,28.8,286.32,82.92,5.88,0,0,0,0,0,0
12,18,0,0,0,0,0,0,0,2.52,56.76,363.84,753.96,1154.4,1365,1222.32,707.4,420.6,48.36,4.44,0,0,0,0,0,0
12,19,0,0,0,0,0,0,0,4.2,102,310.08,479.4,469.08,206.04,206.4,150.96,123.36,49.2,0.96,0,0,0,0,0,0
12,20,0,0,0,0,0,0,0,0,32.52,123.48,234.72,591,1106.04,657,570,243.36,53.04,4.68,0,0,0,0,0,0
12,21,0,0,0,0,0,0,0,0,12.24,32.52,166.08,417.84,619.68,765.48,399.96,120.72,64.44,5.76,0,0,0,0,0,0
12,22,0,0,0,0,0,0,0,0,1.2,46.68,158.52,306.48,655.32,519.24,212.64,157.2,63.6,5.16,0,0,0,0,0,0
12,23,0,0,0,0,0,0,0,3.24,99.96,311.76,633.48,812.4,1002.12,1048.8,570.12,177,46.56,0,0,0,0,0,0,0
12,24,0,0,0,0,0,0,0,0.24,61.8,201,342.6,747.48,411.72,251.64,394.44,140.52,72.84,4.2,0,0,0,0,0,0
12,25,0,0,0,0,0,0,0,0.24,34.8,309.84,725.88,1056.36,1297.68,1204.2,695.28,440.04,47.04,4.92,0,0,0,0,0,0
12,26,0,0,0,0,0,0,0,0.36,49.92,309.12,727.92,1054.08,1124.4,1026.24,643.8,425.64,56.16,6.36,0,0,0,0,0,0
12,27,0,0,0,0,0,0,0,0.84,60.24,309.84,673.8,975.84,1166.76,1107,640.8,420.84,51.36,5.4,0,0,0,0,0,0
12,28,0,0,0,0,0,0,0,0.24,71.76,254.64,364.92,534.96,465.12,626.4,383.4,230.4,77.64,6.12,0,0,0,0,0,0
12,29,0,0,0,0,0,0,0,0,3.24,181.44,386.4,667.32,820.2,801.12,392.52,303.36,81.6,4.2,0,0,0,0,0,0
12,30,0,0,0,0,0,0,0,0.12,61.8,278.88,641.52,961.92,1163.28,1090.92,635.88,418.44,77.64,7.32,0,0,0,0,0,0
12,31,0,0,0,0,0,0,0,0,1.32,60.96,215.76,283.32,458.52,251.04,619.68,367.8,60,5.52,0,0,0,0,0,0
